"Id","Name"
"003dM00000EoiiXQAR","Rose Gonzalez"
"003dM00000EoiiYQAR","Sean Forbes"
"003dM00000EoiiZQAR","Jack Rogers"
"003dM00000EoiiaQAB","Pat Stumuller"
"003dM00000EoiibQAB","Andy Young"
"003dM00000EoiicQAB","Tim Barr"
"003dM00000EoiidQAB","John Bond"
"003dM00000EoiieQAB","Stella Pavlova"
"003dM00000EoiifQAB","Lauren Boyle"
"003dM00000EoiigQAB","Babara Levy"
"003dM00000EoiihQAB","Josh Davis"
"003dM00000EoiiiQAB","Jane Grey"
"003dM00000EoiijQAB","Arthur Song"
"003dM00000EoiikQAB","Ashley James"
"003dM00000EoiilQAB","Tom Ripley"
"003dM00000EoiimQAB","Liz D'Cruz"
"003dM00000EoiinQAB","Edna Frank"
"003dM00000EoiioQAB","Avi Green"
"003dM00000EoiipQAB","Siddartha Nedaerk"
"003dM00000EoiiqQAB","Jake Llorrac"
"003dM00000EoiirQAB","Donnie Fernando"
"003dM00000EoiisQAB","Joachim Klein"
"003dM00000EoiitQAB","Philip Cleverham"
"003dM00000EoiiuQAB","Kevin Papp"
"003dM00000EoiivQAB","Godard Willing"
"003dM00000EoiiwQAB","Leah Jackson"
"003dM00001aF8KzQAK","Animesh Singh persistent"
"003dM00001erIdaQAE","rfyasvaqhs"
"003dM00001fTsJTQA0","wefdserds"
"003dM00001fXMEXQA4","QWERTY"
"003dM00001fXaKjQAK","APARNA SONI"
"003dM00001faTwDQAU","Animesh Singh"
